{
  "back_bg_col": [
    0.0,
    1.2281250953674316,
    1.1599998474121094
  ],
  "back_blur_rad": 0.38516396284103394,
  "back_cloud_col": [
    1.3520833253860474,
    2.0,
    1.2599997520446777
  ],
  "back_cloud_strength": 0.0,
  "back_exposure": 0.8400806188583374,
  "back_sun_col": [
    1.3864582777023315,
    0.2718749940395355,
    0.0
  ],
  "back_sun_pos": [
    0.3958333134651184,
    0.5,
    0.0
  ],
  "back_sun_radius": 0.056015629321336746,
  "back_sun_strength": 0.16615259647369385,
  "back_waterline": -0.18125002086162567,
  "front_blur_rad": 3.833333730697632,
  "front_paper_col": [
    1.0270718336105347,
    1.0354112386703491,
    0.9600000381469727
  ],
  "g_camera": [
    -632.3892211914063,
    108.19188690185547,
    -8.898200988769531
  ],
  "g_height": 0.41458332538604736,
  "g_seed": 34,
  "tree_attr_col": [
    86.45833587646484,
    57.265625,
    122.39996337890625
  ],
  "tree_attr_size": 0.003000000026077032,
  "tree_bark_add": 0.0,
  "tree_bark_col_a": [
    0.0,
    0.0,
    0.0
  ],
  "tree_bark_col_b": [
    0.0,
    0.0,
    75.59998321533203
  ],
  "tree_bark_opac": 1.3171875476837158,
  "tree_leaves_add": 0.34375,
  "tree_leaves_col_a": [
    0.0,
    0.0,
    7.1999993324279785
  ],
  "tree_leaves_col_b": [
    12.239583015441895,
    65.078125,
    0.0
  ],
  "tree_leaves_opac": 0.8687500357627869,
  "tree_leaves_size": 0.0
}
