{
  "back_bg_col": [
    0.0,
    1.1635416746139526,
    1.1599998474121094
  ],
  "back_blur_rad": 0.8255208134651184,
  "back_cloud_col": [
    1.8489583730697632,
    2.0,
    1.2599997520446777
  ],
  "back_cloud_strength": 0.0,
  "back_exposure": 0.6797799468040466,
  "back_sun_col": [
    1.412500023841858,
    0.28958335518836975,
    0.0
  ],
  "back_sun_pos": [
    0.32499995827674866,
    0.5229166746139526,
    0.0
  ],
  "back_sun_radius": 0.056015629321336746,
  "back_sun_strength": 0.2286400943994522,
  "back_waterline": -0.23750002682209015,
  "front_blur_rad": 5.0,
  "front_paper_col": [
    1.0270718336105347,
    1.0354112386703491,
    0.9600000381469727
  ],
  "g_camera": [
    -616.6500244140625,
    106.84687805175781,
    -5.898200988769531
  ],
  "g_height": 0.36249998211860657,
  "g_seed": 31,
  "tree_attr_col": [
    86.45833587646484,
    57.265625,
    122.39996337890625
  ],
  "tree_attr_size": 0.003000000026077032,
  "tree_bark_add": 0.0,
  "tree_bark_col_a": [
    0.0,
    0.0,
    0.0
  ],
  "tree_bark_col_b": [
    0.0,
    0.0,
    75.59998321533203
  ],
  "tree_bark_opac": 0.9875426888465881,
  "tree_leaves_add": 0.34375,
  "tree_leaves_col_a": [
    84.03739929199219,
    70.39411163330078,
    0.0
  ],
  "tree_leaves_col_b": [
    76.2018814086914,
    84.13155364990234,
    43.19999694824219
  ],
  "tree_leaves_opac": 2.176919460296631,
  "tree_leaves_size": 0.0007642077398486435
}
