{
  "back_bg_col": [
    0.0,
    1.1635416746139526,
    1.1599998474121094
  ],
  "back_blur_rad": 0.8255208134651184,
  "back_cloud_col": [
    1.8489583730697632,
    2.0,
    1.2599997520446777
  ],
  "back_cloud_strength": 1.0,
  "back_exposure": 0.583331823348999,
  "back_sun_col": [
    1.412500023841858,
    0.28958335518836975,
    0.0
  ],
  "back_sun_pos": [
    0.32499995827674866,
    0.5229166746139526,
    0.0
  ],
  "back_sun_radius": 0.056015629321336746,
  "back_sun_strength": 0.2286400943994522,
  "back_waterline": -0.23750002682209015,
  "front_blur_rad": 3.833333730697632,
  "front_paper_col": [
    1.0093750953674316,
    1.027083396911621,
    0.880000114440918
  ],
  "front_paper_col_b": [
    0.6156250238418579,
    0.43958333134651184,
    0.20000030100345612
  ],
  "g_camera": [
    -556.9888916015625,
    107.9933090209961,
    -5.898200988769531
  ],
  "g_height": 0.36249998211860657,
  "g_seed": 35,
  "tree_attr_col": [
    86.45833587646484,
    57.265625,
    122.39996337890625
  ],
  "tree_attr_size": 0.003000000026077032,
  "tree_bark_add": 0.0,
  "tree_bark_col_a": [
    0.0,
    0.0,
    0.0
  ],
  "tree_bark_col_b": [
    3.0882515907287598,
    0.0,
    75.59998321533203
  ],
  "tree_bark_opac": 1.0014225244522095,
  "tree_leaves_add": 0.34375,
  "tree_leaves_col_a": [
    72.23958587646484,
    75.703125,
    0.0
  ],
  "tree_leaves_col_b": [
    82.23958587646484,
    110.0,
    43.19999694824219
  ],
  "tree_leaves_opac": 0.8687500357627869,
  "tree_leaves_size": 0.000625409884378314
}
